District,Baseline,New Target,Expected
MUZAFFARGARH,202943,57748,260691
RAJANPUR,176734,37085,213819
BAHAWALPUR,290295,68348,358643
BAHAWALNAGAR,336474,42890,379364
MULTAN,318815,53967,372782
SAHIWAL,308600,19925,328525
MIANWALI,211308,18736,230044
RAHIMYAR KHAN,500012,69661,569673
KOT ADU,119211,19920,139131
D.G. KHAN,269761,44200,313961
LODHRAN,141176,27609,168785
LAHORE,585791,58101,643892
PAKPATTAN,188527,15683,204210
VEHARI,284507,36720,321227
RAWALPINDI,314339,36935,351274
KHUSHAB,140186,13530,153716
KASUR,324879,25432,350311
KHANEWAL,345126,25360,370486
JHANG,313808,22482,336290
GUJRANWALA,284915,26975,311890
CHAKWAL,95061,12764,107825
NANKANA SAHIB,155465,11843,167308
OKARA,307208,27707,334915
BHAKKAR,215331,17360,232691
SARGODHA,392617,40670,433287
WAZIRABAD,79617,6188,85805
TALAGANG,55397,6004,61401
LAYYAH,261366,16089,277455
SHEIKHUPURA,287702,22336,310038
ATTOCK,213198,14624,227822
HAFIZABAD,124614,9136,133750
MURREE,37862,2630,40492
MANDI BAHA UD DIN,179114,12804,191918
GUJRAT,288489,15800,304289
NAROWAL,188096,14020,202116
CHINIOT,159855,9542,169397
JHELUM,131430,7927,139357
SIALKOT,343637,20294,363931
FAISALABAD,720666,42485,763151
T.T.SINGH,294028,14273,308301
